{"cameraMode":{"drawMode":0,"name":"Shaded","section":"Shading Mode"},"sceneLighting":true,"audioPlay":false,"sceneViewState":{"m_AlwaysRefresh":false,"showFog":true,"showSkybox":true,"showFlares":true,"showImageEffects":true,"showParticleSystems":true,"showVisualEffectGraphs":true,"m_FxEnabled":true},"in2DMode":false,"pivot":{"x":1.7646723985671998,"y":1.5362993478775025,"z":-2.646721839904785},"rotation":{"x":0.21391238272190095,"y":0.5600094795227051,"z":-0.15245887637138368,"w":0.7857550382614136},"size":3.8390517234802248,"orthographic":true}