{"cameraMode":{"drawMode":0,"name":"Shaded","section":"Shading Mode"},"sceneLighting":true,"audioPlay":false,"sceneViewState":{"m_AlwaysRefresh":false,"showFog":true,"showSkybox":true,"showFlares":true,"showImageEffects":true,"showParticleSystems":true,"showVisualEffectGraphs":true,"m_FxEnabled":true},"in2DMode":false,"pivot":{"x":0.0026000142097473146,"y":0.3529999852180481,"z":5.734198093414307},"rotation":{"x":0.1395871639251709,"y":0.489065557718277,"z":-0.07962814718484879,"w":0.85734623670578},"size":0.8308727741241455,"orthographic":true}