{"cameraMode":{"drawMode":0,"name":"Shaded","section":"Shading Mode"},"sceneLighting":true,"audioPlay":false,"sceneViewState":{"m_AlwaysRefresh":false,"showFog":true,"showSkybox":true,"showFlares":true,"showImageEffects":true,"showParticleSystems":true,"showVisualEffectGraphs":true,"m_FxEnabled":true},"in2DMode":false,"pivot":{"x":2.9706552028656008,"y":0.2616977095603943,"z":3.0630695819854738},"rotation":{"x":-0.05784698948264122,"y":-0.750516414642334,"z":0.06643716245889664,"w":-0.6550692915916443},"size":6.846010208129883,"orthographic":true}