{"cameraMode":{"drawMode":0,"name":"Shaded","section":"Shading Mode"},"sceneLighting":true,"audioPlay":false,"sceneViewState":{"m_AlwaysRefresh":false,"showFog":true,"showSkybox":true,"showFlares":true,"showImageEffects":true,"showParticleSystems":true,"showVisualEffectGraphs":true,"m_FxEnabled":true},"in2DMode":false,"pivot":{"x":1.8734420537948609,"y":-2.710484266281128,"z":2.5003068447113039},"rotation":{"x":0.4066804349422455,"y":-0.04711221158504486,"z":0.02099151350557804,"w":0.9121438264846802},"size":5.659815788269043,"orthographic":true}