{"cameraMode":{"drawMode":0,"name":"Shaded","section":"Shading Mode"},"sceneLighting":true,"audioPlay":false,"sceneViewState":{"m_AlwaysRefresh":false,"showFog":true,"showSkybox":true,"showFlares":true,"showImageEffects":true,"showParticleSystems":true,"showVisualEffectGraphs":true,"m_FxEnabled":true},"in2DMode":false,"pivot":{"x":1.784102439880371,"y":-1.1540038585662842,"z":-1.5217111110687256},"rotation":{"x":0.3777311146259308,"y":0.059935711324214938,"z":-0.024513693526387216,"w":0.9236599802970886},"size":3.509061098098755,"orthographic":true}